Country Name,Country Code,Series Name,Series Code,2006 [YR2006],2007 [YR2007],2008 [YR2008],2009 [YR2009],2010 [YR2010],2011 [YR2011],2012 [YR2012],2013 [YR2013],2014 [YR2014],2015 [YR2015],2016 [YR2016]
Afghanistan,AFG,GDP growth (annual %),NY.GDP.MKTP.KD.ZG,5.35740325126351,13.8263195479763,3.92498382161573,21.3905283931066,14.3624414692681,0.426354784529209,12.7522870887171,5.60074465808154,2.72454336394854,1.45131466009755,2.26031420130452
Albania,ALB,GDP growth (annual %),NY.GDP.MKTP.KD.ZG,5.90265903591924,5.98325951855567,7.50004143020151,3.35428934987461,3.70693815255319,2.54540614450104,1.4172427999078,1.00201754071108,1.77444885260394,2.21872637517804,3.31498068384137
Algeria,DZA,GDP growth (annual %),NY.GDP.MKTP.KD.ZG,1.70000000049772,3.39999999955816,2.40000000008489,1.60000000037586,3.60000000003535,2.89999999946306,3.40000000029599,2.8,3.80000000016804,3.69999999958893,3.20000000006691
American Samoa,ASM,GDP growth (annual %),NY.GDP.MKTP.KD.ZG,-4.09836065573771,1.85185185185186,-2.65734265734265,-4.16666666666666,0.299850074962521,0,-4.33482810164425,-2.5,1.76282051282051,3.14960629921259,-1.67938931297709
Andorra,AND,GDP growth (annual %),NY.GDP.MKTP.KD.ZG,4.80868869916921,1.55318814103222,-5.55918636850581,-5.30284654348291,-1.97495799965345,-0.00806975341139093,-4.97444371853503,-3.54759651549344,2.50446552114518,1.43414039522716,3.70967806978986
Angola,AGO,GDP growth (annual %),NY.GDP.MKTP.KD.ZG,11.549999997879,14.0100000086059,11.1699999942146,0.860000002152788,4.85999999863851,3.47000000135648,8.54000000289987,4.9499999975523,4.81999999862724,0.939999999384781,-2.5799999964437
Antigua and Barbuda,ATG,GDP growth (annual %),NY.GDP.MKTP.KD.ZG,12.7081485327737,9.31538316339753,-0.0143406519435985,-11.9626972488343,-7.84059474412172,-1.95861262834343,3.37286620031867,-0.600876396735046,3.79572761294251,3.82529309880827,5.49645920357835
Argentina,ARG,GDP growth (annual %),NY.GDP.MKTP.KD.ZG,8.04715150043027,9.00765087504757,4.05723310346406,-5.91852507634947,10.1253981561002,6.00395169280579,-1.0264204544321,2.40532378079436,-2.51261532081394,2.73115982828944,-2.08032784377811
Armenia,ARM,GDP growth (annual %),NY.GDP.MKTP.KD.ZG,13.1999999994661,13.7000000015467,6.90000000042959,-14.1000000006998,2.2000000002151,4.69999999867412,7.20000000096486,3.3,3.60000000058993,3.19999999896625,0.199999999825991
Aruba,ABW,GDP growth (annual %),NY.GDP.MKTP.KD.ZG,1.13890583689242,3.09672230042229,1.83343085625123,-11.6835855200153,-2.73259596616786,3.36677814938685,-1.03537532355479,6.42981691368789,-0.0204792135982075,3.54362965997541,2.11671612265083
Australia,AUS,GDP growth (annual %),NY.GDP.MKTP.KD.ZG,2.74063570365783,3.77791678266478,3.5682700322582,1.87048696091408,2.20656631017093,2.3913851323057,3.902007806318,2.57875428825342,2.57901711177597,2.1527359059391,2.73054799209893
Austria,AUT,GDP growth (annual %),NY.GDP.MKTP.KD.ZG,3.45404183614122,3.72741530093519,1.4604236757386,-3.76457817791677,1.83709367680054,2.92279728368581,0.680445576816723,0.0255047121972183,0.661272848852605,1.01450158590511,1.98943716230463
Azerbaijan,AZE,GDP growth (annual %),NY.GDP.MKTP.KD.ZG,34.5,24.9999998515683,10.7589780604684,9.29636374447091,5.04894451349574,0.10000013782458,2.1652394748416,5.80980084268208,2.75050681535518,1.09397591627469,-3.09999988037266
"Bahamas, The",BHS,GDP growth (annual %),NY.GDP.MKTP.KD.ZG,2.51685393258427,1.44673388864534,-2.32350723624928,-4.17580555581704,1.53838597180609,0.613384158434997,3.0868791768835,-2.86329394469671,1.84730293962872,0.99680084631899,-0.857664318755752
Bahrain,BHR,GDP growth (annual %),NY.GDP.MKTP.KD.ZG,6.46700012199585,8.29396044759683,6.24501077496258,2.53988593585052,4.33429917283131,1.98351501159991,3.72810843046017,5.41683981012071,4.35039085252969,2.48537855758804,3.55812811897778
Bangladesh,BGD,GDP growth (annual %),NY.GDP.MKTP.KD.ZG,6.67190498093571,7.05859935733267,6.01378975903386,5.0451247936724,5.57178818849806,6.46437912291931,6.52145878055326,6.0136056584178,6.0610593589202,6.55263987878382,7.11347821325363
Barbados,BRB,GDP growth (annual %),NY.GDP.MKTP.KD.ZG,6.11271256415979,2.07764892490671,0.640098143663977,-5.01774449150307,-2.36516470308347,-0.687779067594548,-0.432679126746706,-1.44740681837786,-0.0872629534726741,2.47261987248125,2.53302488224136
Belarus,BLR,GDP growth (annual %),NY.GDP.MKTP.KD.ZG,9.99999481247372,8.6000065362481,10.1999994395436,0.199995310014472,7.79826682269731,5.37870744981015,1.68713553642841,1.00347084085645,1.72638485417002,-3.82957055828379,-2.52644643552364
Belgium,BEL,GDP growth (annual %),NY.GDP.MKTP.KD.ZG,2.55234994366351,3.67688113594973,0.446928735275904,-2.02074306169408,2.86429270764155,1.69451389861332,0.739217283058679,0.459242192907709,1.57853314322614,2.04145900919961,1.26668640902095
Belize,BLZ,GDP growth (annual %),NY.GDP.MKTP.KD.ZG,4.58533823945655,3.27469553450609,-1.51991614255765,-0.452368281000531,1.25634856990109,-0.10559662090813,3.85835095137421,4.52926208651398,4.08958130477117,3.36763330215155,0.113122171945705
Benin,BEN,GDP growth (annual %),NY.GDP.MKTP.KD.ZG,3.94373882815798,5.98634932177609,4.89657708429647,2.31929213912838,2.11406472648392,2.96375291904201,4.811223315688,7.19143372144946,6.35767909791932,1.77815106030278,3.33967342629693
Bermuda,BMU,GDP growth (annual %),NY.GDP.MKTP.KD.ZG,5.5438663804406,3.34513970877607,-1.86595582635186,-5.6266977105161,-2.50287828947368,-3.74274431740703,-5.30529910675297,-0.279708545423034,-3.70106759364258,0.775529699568978,-0.657206304259205
Bhutan,BTN,GDP growth (annual %),NY.GDP.MKTP.KD.ZG,6.99973809500906,18.3608540555453,4.79946061155896,6.74833374849808,11.9458959983757,7.98261704055791,5.11840085800534,2.11997263298215,5.77649568013724,6.64223210535566,8.1270335383894
Bolivia,BOL,GDP growth (annual %),NY.GDP.MKTP.KD.ZG,4.79700882356067,4.56438426887887,6.14849787462164,3.35699957430565,4.1267225910567,5.204092443086,5.12227558091757,6.79601142810841,5.46056950635136,4.85718730035796,4.26392083751466
Bosnia and Herzegovina,BIH,GDP growth (annual %),NY.GDP.MKTP.KD.ZG,5.41400357079434,5.85712634217094,5.44383103450177,-3.00445593013346,0.865669260237084,0.959511247241267,-0.821836474216894,2.3498566632458,1.15385109200403,3.08916270943587,3.14980730946617
Botswana,BWA,GDP growth (annual %),NY.GDP.MKTP.KD.ZG,8.3638710958036,5.79255577727118,3.25207295796832,-14.1442346163423,10.1222091179732,6.83852974803483,-0.170900761456892,11.1028237779771,5.69696453982205,-4.85099181652298,7.20181902928654
Brazil,BRA,GDP growth (annual %),NY.GDP.MKTP.KD.ZG,3.96198871122617,6.06987060678338,5.09419544658736,-0.125812002161169,7.52822581815364,3.97442307944702,1.92117598576537,3.00482266944432,0.503955740242247,-3.54576339269425,-3.27591690782192
British Virgin Islands,VGB,GDP growth (annual %),NY.GDP.MKTP.KD.ZG,..,..,..,..,..,..,..,..,..,..,..
Brunei Darussalam,BRN,GDP growth (annual %),NY.GDP.MKTP.KD.ZG,4.39771967752176,0.154581811742773,-1.93971463784671,-1.76453554132601,2.59896574643226,3.74531835205994,0.912841670964411,-2.12602851740175,-2.50835256644561,-0.392383749502031,-2.47791771833224
Bulgaria,BGR,GDP growth (annual %),NY.GDP.MKTP.KD.ZG,6.80258922593249,6.65438682479358,6.12955970373739,-3.3471420954691,1.54180144307578,2.10120575009232,0.754930385981893,-0.56049396557782,0.96686903234496,3.42805491352132,3.03982527630795
Burkina Faso,BFA,GDP growth (annual %),NY.GDP.MKTP.KD.ZG,6.25316468817478,4.11137901761516,5.79999174105387,2.96195085866692,8.44628157707625,6.62256261306693,6.45267237953146,5.79258484509867,4.32684561452976,3.9212287937935,5.95797670754024
Burundi,BDI,GDP growth (annual %),NY.GDP.MKTP.KD.ZG,5.41380714491444,3.45194856381943,4.86171636712641,3.81274536633418,5.12415999439806,4.03259998844415,4.44670633111495,4.92418989834684,4.24065021402657,-3.9000000804855,-0.600000909116389
Cabo Verde,CPV,GDP growth (annual %),NY.GDP.MKTP.KD.ZG,7.98375044704545,15.17068796854,6.65052052259701,-1.27042596756841,1.46679009706938,3.96888634471986,1.08191827877127,0.802797600574223,0.611212666207877,1.00686370684559,4.70579150927118
Cambodia,KHM,GDP growth (annual %),NY.GDP.MKTP.KD.ZG,10.7710836701771,10.2125739126309,6.69157747471078,0.0866969592706113,5.96307857538696,7.0695699458918,7.31334550530008,7.35666514887971,7.14257110074297,6.96579781444953,6.9333139730861
Cameroon,CMR,GDP growth (annual %),NY.GDP.MKTP.KD.ZG,3.80958327257856,4.32758901288912,2.84767788923097,2.57925177530984,2.89902472402312,3.3792112877077,4.62597871941652,4.99552915947218,5.71981814402645,5.66695299105416,4.53579423569734
Canada,CAN,GDP growth (annual %),NY.GDP.MKTP.KD.ZG,2.63430381378384,2.06940988808428,1.00762269545756,-2.92840016684549,3.08949461982786,3.14688137207058,1.76222254945881,2.3291225062102,2.87003607545671,0.659176863558869,1.00139441390405
Cayman Islands,CYM,GDP growth (annual %),NY.GDP.MKTP.KD.ZG,..,3.16262522652799,-0.357401201092983,-7.20048244664706,-2.71563526217577,1.16906219839106,1.22975365701149,1.27933101999021,2.65452798451271,2.8331222262961,3.23997433895669
Central African Republic,CAF,GDP growth (annual %),NY.GDP.MKTP.KD.ZG,4.77108543044105,4.60753485452025,2.05413096200485,8.58726042640994,4.63081843223307,4.19461533741989,5.05376125356918,-36.3919770983887,0.0810705153264877,4.33712103020231,4.75031684122342
Chad,TCD,GDP growth (annual %),NY.GDP.MKTP.KD.ZG,0.648262014094513,3.27149957888643,3.05269153196828,4.21769555189633,13.5501008595489,0.0828697984381961,8.88257607170316,5.70000136285864,6.89998504532166,2.76767568484473,-6.25552708545281
Channel Islands,CHI,GDP growth (annual %),NY.GDP.MKTP.KD.ZG,4.88229980058024,5.89832899245258,..,..,..,..,..,..,..,..,..
Chile,CHL,GDP growth (annual %),NY.GDP.MKTP.KD.ZG,6.04999082563968,5.16823098528431,3.78939280635238,-1.11803723642878,5.85165102224047,6.22389678509138,6.15534001855494,3.30850824710085,1.79264947139259,2.15194249981184,1.75303874901438
China,CHN,GDP growth (annual %),NY.GDP.MKTP.KD.ZG,12.7209556651723,14.2308609332879,9.65067891934387,9.39872563258297,10.6358710645426,9.55083217886425,7.86373644864966,7.76615009763002,7.42576365632598,7.04132887877194,6.84876220493844
Colombia,COL,GDP growth (annual %),NY.GDP.MKTP.KD.ZG,6.71686869844402,6.73819469090975,3.28344618616541,1.13964864548062,4.49465897070922,6.94789198173555,3.91263576716115,5.13399351995672,4.49903000110972,2.95590137527523,2.08738250162794
Comoros,COM,GDP growth (annual %),NY.GDP.MKTP.KD.ZG,2.6469554759412,0.800042348955387,3.96461118871815,3.24074072826829,3.77776674982255,4.1435066947591,3.16840986908748,4.4662473147818,2.10665758942474,1.14735076108914,3.32044656240026
"Congo, Dem. Rep.",COD,GDP growth (annual %),NY.GDP.MKTP.KD.ZG,5.32097956548998,6.25947776437397,6.22589426869193,2.85506401011484,7.10797657581392,6.8746708900163,7.08689894671942,8.48195663608755,9.47028809714084,6.91616712035345,2.39939891413687
"Congo, Rep.",COG,GDP growth (annual %),NY.GDP.MKTP.KD.ZG,7.98623836334291,-6.61399480441001,6.30637595585259,11.6372888615758,9.93126543095578,2.20591936286718,9.94715314257564,-0.712434451876447,6.71667933378647,-3.55058176545468,-10.7832382689225
Costa Rica,CRI,GDP growth (annual %),NY.GDP.MKTP.KD.ZG,7.32669543218398,8.21513198350125,4.73817487796701,-0.873455942799893,5.36034347985841,4.40315923970431,4.88259241025739,2.49476611209954,3.54210987765977,3.65208096802883,4.20432325175899
Cote d'Ivoire,CIV,GDP growth (annual %),NY.GDP.MKTP.KD.ZG,2.8155785960885,1.1014297644742,4.78266598108668,3.60332156609111,6.84804940059942,-5.37044724136562,7.62041176292934,10.7602131317082,9.37199994201148,7.19409064540673,7.17920782392478
Croatia,HRV,GDP growth (annual %),NY.GDP.MKTP.KD.ZG,4.88693807069566,5.00111243007304,2.00186402121545,-7.19344475945697,-1.22377948198006,-0.0866137790411159,-2.33166164485877,-0.397827665127963,-0.429360585931065,2.52229227745192,3.55935948219432
Cuba,CUB,GDP growth (annual %),NY.GDP.MKTP.KD.ZG,12.0658631129953,7.26213696647943,4.11682804164681,1.4513054307407,2.39035229650723,2.80230083647626,3.01490028898772,2.74760256257211,1.04757663187654,4.43814195922121,0.513761467889907
Curacao,CUW,GDP growth (annual %),NY.GDP.MKTP.KD.ZG,1.63593468987035,2.46996322836787,2.18804308019168,-0.531308242338184,0.0823066088131412,0.612607618438091,-0.0658895682151552,-0.811686560479842,-1.20136172480633,0.290948721002664,-0.873007583584723
Cyprus,CYP,GDP growth (annual %),NY.GDP.MKTP.KD.ZG,4.71382866563106,5.09806845261184,3.6468119905756,-2.01526235906867,2.28354499702917,0.416712762832276,-3.44738142393619,-6.58748225683094,-1.77606191187711,3.41892318781653,6.57358020185954
Czechia,CZE,GDP growth (annual %),NY.GDP.MKTP.KD.ZG,6.76693268125427,5.57033885921025,2.68641195092762,-4.65733109171755,2.43490215904518,1.76035962445222,-0.785004299003617,-0.0459036735515213,2.26210289708078,5.38838083815307,2.5372845203138
Denmark,DNK,GDP growth (annual %),NY.GDP.MKTP.KD.ZG,3.9130079783106,0.909238928302372,-0.512016744849106,-4.90654772965155,1.87099114718497,1.33677776690328,0.226499791802965,0.933340972371226,1.61939381103033,2.34259110757047,3.24595698524399
Djibouti,DJI,GDP growth (annual %),NY.GDP.MKTP.KD.ZG,..,..,..,..,..,..,..,..,7.06154324233921,7.52610891881017,7.1234323372872
Dominica,DMA,GDP growth (annual %),NY.GDP.MKTP.KD.ZG,4.65945548635737,6.3529724394503,7.12105798575789,-1.16959064327486,0.672634400445048,-0.22355068823471,-1.05900024335187,-0.99994063117542,4.75378658076897,-2.73150306271826,2.76364798170461
Dominican Republic,DOM,GDP growth (annual %),NY.GDP.MKTP.KD.ZG,9.1743554058408,7.41595171481455,3.20950426157958,0.946155167790621,8.33965105962218,3.13342300326755,2.71736789670562,4.87520509332271,7.05046368965911,6.9270187716221,6.65920026269582
Ecuador,ECU,GDP growth (annual %),NY.GDP.MKTP.KD.ZG,4.40352643383186,2.1900639722454,6.35713059990832,0.566491592100093,3.52529866894027,7.86814091910996,5.641962066712,4.94651126690626,3.78886854920833,0.0988726083462694,-1.22638398463879
"Egypt, Arab Rep.",EGY,GDP growth (annual %),NY.GDP.MKTP.KD.ZG,6.84383819698924,7.08782742739524,7.15628356351688,4.67359980040543,5.14723485873294,1.76457194925801,2.22619979662137,2.18546605471226,2.91591187883586,4.37201907940117,4.34664345337812
El Salvador,SLV,GDP growth (annual %),NY.GDP.MKTP.KD.ZG,4.34834979523006,1.85847858709454,2.13055303717135,-2.0861074123391,2.10788757932909,3.80688124306326,2.82262375708329,2.23562441509826,1.7087062652563,2.40000000000001,2.5390625
Equatorial Guinea,GNQ,GDP growth (annual %),NY.GDP.MKTP.KD.ZG,7.70491760658767,15.2821139194857,17.7991091333811,1.34335628806095,-8.92417588851806,6.52392362989873,8.31287184445641,-4.13319850131583,0.415066301596866,-9.11004114881537,-8.81641723219757
Eritrea,ERI,GDP growth (annual %),NY.GDP.MKTP.KD.ZG,-0.969217110711355,1.42682221120323,-9.78303001782456,3.8765015275421,2.19419034888082,8.67980010138049,..,..,..,..,..
Estonia,EST,GDP growth (annual %),NY.GDP.MKTP.KD.ZG,9.76558336997708,7.57914052046765,-5.13200095768519,-14.6290550324223,2.44426511799784,7.26308458128695,3.22820049358981,1.45842863615992,3.01136658651455,1.85302004629342,3.15556481438308
Eswatini,SWZ,GDP growth (annual %),NY.GDP.MKTP.KD.ZG,5.9921668378351,4.43537557686975,0.821663913800052,1.56504885243515,3.79375496828149,2.247229761068,5.39663069666727,3.86121379766622,0.923230547144357,2.22748067532406,1.06261019342853
Ethiopia,ETH,GDP growth (annual %),NY.GDP.MKTP.KD.ZG,10.834727065877,11.4561670000236,10.7885216853725,8.80255319782566,12.5505383459308,11.1782962271641,8.64781163337416,10.5822700482672,10.2574929610051,10.3924630202334,9.43348265784402
Faroe Islands,FRO,GDP growth (annual %),NY.GDP.MKTP.KD.ZG,..,..,..,..,..,..,..,..,..,..,..
Fiji,FJI,GDP growth (annual %),NY.GDP.MKTP.KD.ZG,1.85248387199486,-0.850654310045826,1.03279422025967,-1.38603770763581,2.95467242212241,2.70514302901049,1.41131438177968,4.73421948956532,5.6035148874531,4.50119939222793,2.44565200769968
Finland,FIN,GDP growth (annual %),NY.GDP.MKTP.KD.ZG,4.02740965802573,5.29933650739021,0.783995060876521,-8.0744474323113,3.18595865407703,2.54766483842627,-1.39754572817782,-0.901696316194844,-0.364908156882066,0.543659211765487,2.81145776663433
France,FRA,GDP growth (annual %),NY.GDP.MKTP.KD.ZG,2.44932360111885,2.42473624337305,0.254945960124005,-2.87331382849631,1.94943762312663,2.19270063266654,0.313134751077172,0.576326674771792,0.956183052371557,1.1129123405747,1.09546440372048
French Polynesia,PYF,GDP growth (annual %),NY.GDP.MKTP.KD.ZG,-1.96740694373416,0.171339929741677,-3.67802970819771,-3.47926851081043,-4.71883248720241,-5.38834577415309,-2.26274788592677,0.392995196181971,1.04620854424114,3.44694672532346,3.36664138973515
Gabon,GAB,GDP growth (annual %),NY.GDP.MKTP.KD.ZG,-2.80657835569052,6.00810802487668,-3.30843064878751,0.130331119816617,7.08988731455126,7.09175334258654,5.25107691750407,5.63869900338696,4.31496444107469,3.8788993950789,2.09144220829562
"Gambia, The",GMB,GDP growth (annual %),NY.GDP.MKTP.KD.ZG,-0.555580977246521,3.04324950829739,6.25590553394287,6.6657243078367,5.90833580968288,-8.13044422315659,5.24156924630741,2.872768790327,-1.40738249510954,4.0580738039996,1.94335965478776
Georgia,GEO,GDP growth (annual %),NY.GDP.MKTP.KD.ZG,9.41977064759736,12.5789534308973,2.41857165904172,-3.65051363069394,6.24948776787187,7.3999998671419,6.3690083063386,3.62130535196276,4.43192482309078,3.02220738019703,2.90643878002064
Germany,DEU,GDP growth (annual %),NY.GDP.MKTP.KD.ZG,3.816441912988,2.97645513131597,0.95987913356484,-5.69383633640285,4.17988249873657,3.92519270463411,0.418497594217598,0.437591303144671,2.20954343134872,1.49193152760772,2.22999986782015
Ghana,GHA,GDP growth (annual %),NY.GDP.MKTP.KD.ZG,6.39991260618034,4.34681910440079,9.14979893831817,4.84448705175076,7.89971194051621,14.0471235803149,9.2927894063005,7.31252501678145,2.85624016330883,2.12075933817334,3.37346574966936
Gibraltar,GIB,GDP growth (annual %),NY.GDP.MKTP.KD.ZG,..,..,..,..,..,..,..,..,..,..,..
Greece,GRC,GDP growth (annual %),NY.GDP.MKTP.KD.ZG,5.65243362169147,3.27374690421107,-0.335172341805816,-4.30073367269142,-5.47821774237963,-10.1493148298685,-7.08669678638024,-2.51599722189651,0.475695947137041,-0.196087629724133,-0.487173294301954
Greenland,GRL,GDP growth (annual %),NY.GDP.MKTP.KD.ZG,5.55569490080012,2.3524379811805,6.1661327018619,0.865952328886948,1.73582505889665,-0.496519391959083,1.39419335955625,-1.29828069335511,4.7421356730152,-2.52931802394475,4.68195410972302
Grenada,GRD,GDP growth (annual %),NY.GDP.MKTP.KD.ZG,-3.99532824427482,6.12345094741467,0.947542624907697,-6.61328134799545,-0.511262754149129,0.764976824032317,-1.15514373468322,2.35141877347161,7.34150620608489,6.44476782385664,3.74055260137807
Guam,GUM,GDP growth (annual %),NY.GDP.MKTP.KD.ZG,-3.65251727541954,0.717213114754102,2.03458799593082,0.438683948155543,2.26325193567601,0.0776548243059523,2.13385063045585,1.69040835707501,1.79305192379529,0.825688073394488,0.18198362147406
Guatemala,GTM,GDP growth (annual %),NY.GDP.MKTP.KD.ZG,5.35139778711536,6.33771869016203,3.29352400028485,0.476898106596394,2.88417542800377,4.16390688293349,2.97470856847661,3.69481919881751,4.44397758285268,4.09217081621244,2.67780255532826
Guinea,GIN,GDP growth (annual %),NY.GDP.MKTP.KD.ZG,1.18960211724379,6.81747111252537,4.13301615879924,-1.12264204848687,4.81336016967553,5.61211177430975,5.91528626133322,3.94568708624053,3.69655311664086,3.82591056949435,10.82062719659
Guinea-Bissau,GNB,GDP growth (annual %),NY.GDP.MKTP.KD.ZG,2.30935799764794,3.26295545608291,3.20356730693297,3.36897495773184,4.61097090010318,8.08477973398716,-1.71268301181074,3.25590426517695,0.96456075098132,6.13408294113292,6.26280563780463
Guyana,GUY,GDP growth (annual %),NY.GDP.MKTP.KD.ZG,5.12960934773,7.19123624057457,1.75522349592019,3.61150847218585,4.13844160137342,5.19625156051602,5.27633062046809,3.65350476800678,1.68602773214108,0.687521210092171,3.8079188370272
Haiti,HTI,GDP growth (annual %),NY.GDP.MKTP.KD.ZG,1.76875060288195,4.70652994008303,2.6580323082747,5.89037894844316,-5.65151153448299,5.09821354410036,0.502424403581585,4.32478411472874,1.72256560196277,2.5625088349003,1.81246807847532
Honduras,HND,GDP growth (annual %),NY.GDP.MKTP.KD.ZG,6.56724355177587,6.18832716678008,4.23160011009342,-2.43162787988011,3.73114034433009,3.83569066207505,4.12868774866939,2.79155975746801,3.0580805621437,3.84007997093951,3.89297219726413
"Hong Kong SAR, China",HKG,GDP growth (annual %),NY.GDP.MKTP.KD.ZG,7.03260256742726,6.4648299654374,2.12795656374081,-2.45905003940163,6.76767181619664,4.81469995348117,1.70031749232717,3.1015254889484,2.76241961679324,2.38783188301304,2.17542434971001
Hungary,HUN,GDP growth (annual %),NY.GDP.MKTP.KD.ZG,3.9460668802932,0.277372772325805,1.00394302900897,-6.59786721850169,1.0762540427767,1.86683747544298,-1.25022602347063,1.80252210082266,4.23220980614269,3.7073159793626,2.20100189293856
Iceland,ISL,GDP growth (annual %),NY.GDP.MKTP.KD.ZG,6.31699308637074,8.45486009612951,2.20949641882098,-7.66380956025947,-2.83277491540855,1.84577915624217,1.06363660743763,4.55246032015108,1.68721501750639,4.43666371937172,6.30368710650176
India,IND,GDP growth (annual %),NY.GDP.MKTP.KD.ZG,8.06073257303272,7.66081506504928,3.08669805953289,7.86188883303498,8.49758470158106,5.24131500140663,5.45638875297365,6.38610640094825,7.41022760508854,7.99625378571471,8.25630550179086
Indonesia,IDN,GDP growth (annual %),NY.GDP.MKTP.KD.ZG,5.50095178520348,6.34502222667214,6.01370360009123,4.62887118256153,6.22385418062366,6.16978420771008,6.03005065305615,5.5572636889101,5.006668425755,4.87632230022123,5.03306918280177
"Iran, Islamic Rep.",IRN,GDP growth (annual %),NY.GDP.MKTP.KD.ZG,4.99979526181171,8.15577352358534,0.250856553494089,1.00738545790475,5.79793830169604,2.64571791806256,-3.7471713986414,-1.52197920494163,4.98477506709494,-1.42488493937491,8.8150866425182
Iraq,IRQ,GDP growth (annual %),NY.GDP.MKTP.KD.ZG,5.64629780126877,1.88557214096838,8.22810710383277,3.37929909442771,6.40256484471193,7.546471200426,13.9364301737537,7.62857118471159,0.197016710359037,4.72286401884131,13.7873730187089
Ireland,IRL,GDP growth (annual %),NY.GDP.MKTP.KD.ZG,4.98785347349479,5.31011814691841,-4.48407049219472,-5.09578275532317,1.68297153835975,0.833830148555222,-0.00554201066994153,1.12568964599835,8.64935060757608,24.3704453546988,2.00665411509893
Isle of Man,IMN,GDP growth (annual %),NY.GDP.MKTP.KD.ZG,7.69999871253432,7.50000022988817,4.90000100081545,2.10000027181374,3.39999842395957,1.99999938207415,7.30375730215191,4.14171855067138,5.15530308762963,-0.385798408302321,6.95231147466393
Israel,ISR,GDP growth (annual %),NY.GDP.MKTP.KD.ZG,5.58266795932438,6.0332135706837,3.25116336079073,0.883120393565378,5.66851511790733,5.56113907589013,2.58765384384346,4.41550158737924,3.91912689280952,2.48582628898106,4.52168030880658
Italy,ITA,GDP growth (annual %),NY.GDP.MKTP.KD.ZG,1.79063968081796,1.48707298036786,-0.962012840579291,-5.2809372082931,1.71329583916922,0.707333347034435,-2.98090576823772,-1.84106545088248,-0.00454754236383792,0.778304350716581,1.29346273155907
Jamaica,JAM,GDP growth (annual %),NY.GDP.MKTP.KD.ZG,2.89912534958872,1.43195403665118,-0.811736703280815,-4.3453018579464,-1.45714720947502,1.73037626746921,-0.613636039869121,0.5176860128024,0.689822357374339,0.92148712538031,1.37522306445538
Japan,JPN,GDP growth (annual %),NY.GDP.MKTP.KD.ZG,1.37235012762038,1.48396941163492,-1.22428900072828,-5.69323635882266,4.09791791930137,0.0238095237748297,1.37475099920874,2.0051001767726,0.296205514142628,1.56062669674904,0.753826745903538
Jordan,JOR,GDP growth (annual %),NY.GDP.MKTP.KD.ZG,8.09297510302018,8.17617001218549,7.22038604526078,5.02371019679863,2.31483414260533,2.73717983156862,2.42935833450417,2.60994741393463,3.38407810996151,2.49652869543702,1.99418081845471
Kazakhstan,KAZ,GDP growth (annual %),NY.GDP.MKTP.KD.ZG,10.7,8.89999999999405,3.30000000021091,1.19999999942873,7.30000000016202,7.40000000068393,4.79999999999275,5.99999999925561,4.20000000063038,1.19999999976802,1.09999999990164
Kenya,KEN,GDP growth (annual %),NY.GDP.MKTP.KD.ZG,6.47249430015484,6.85072976998784,0.232282744812977,3.30693981631089,8.05847360290906,5.1211061197056,4.56867961444982,3.7978483925754,5.02011100232484,4.96772112759767,4.21351706814744
Kiribati,KIR,GDP growth (annual %),NY.GDP.MKTP.KD.ZG,-0.0492953226795265,2.03494726487787,-2.09143675813912,0.802819886903677,-1.12026026125162,1.76257601036156,5.13614432896563,4.16157447719831,-1.09628859925108,9.86517472141171,-0.478196754652373
"Korea, Dem. People's Rep.",PRK,GDP growth (annual %),NY.GDP.MKTP.KD.ZG,..,..,..,..,..,..,..,..,..,..,..
"Korea, Rep.",KOR,GDP growth (annual %),NY.GDP.MKTP.KD.ZG,5.26432659466724,5.79954841503216,3.01298487281167,0.792698989518186,6.80482491783671,3.68566778212526,2.40253099246186,3.16470863647184,3.2024537945736,2.80910326824133,2.94688171508626
Kosovo,XKX,GDP growth (annual %),NY.GDP.MKTP.KD.ZG,..,..,..,5.03488382939953,4.93992404687876,6.31988622270076,1.71219517419465,5.34090817463415,3.34880431106879,5.91627044351361,5.57175650727449
Kuwait,KWT,GDP growth (annual %),NY.GDP.MKTP.KD.ZG,7.51477300024021,5.99157551059318,2.47975694278544,-7.07605643073413,-2.37026412020435,9.6284069747757,6.62581830014173,1.14930043706521,0.500876982158658,0.593019617221231,2.92586822591576
Kyrgyz Republic,KGZ,GDP growth (annual %),NY.GDP.MKTP.KD.ZG,3.10289874533464,8.54287476445191,8.40161605989968,2.8862945753759,-0.471566601130149,5.95627430862646,-0.0881502010106345,10.9154694543144,4.02403862576861,3.87582544821402,4.33585591715968
Lao PDR,LAO,GDP growth (annual %),NY.GDP.MKTP.KD.ZG,8.61926620873047,7.59682880050465,7.82490276260827,7.50177491260473,8.52690551722873,8.03865268080929,8.02609843404085,8.02630022637751,7.61196344074379,7.27006584339864,7.02283625501138
Latvia,LVA,GDP growth (annual %),NY.GDP.MKTP.KD.ZG,11.9718356939022,9.941921627624,-3.24912072305602,-14.2601400377132,-4.455567259981,2.57371236333377,7.04224716054507,2.00796687876637,1.90217268380506,3.88526005426763,2.36861474664423
Lebanon,LBN,GDP growth (annual %),NY.GDP.MKTP.KD.ZG,1.5495150020831,9.31062252462907,9.06912826931607,10.2321555771179,7.97513555920943,0.867339877167865,2.56479133733554,3.8278734984476,2.48406010550133,0.462320791813852,1.55454940951772
Lesotho,LSO,GDP growth (annual %),NY.GDP.MKTP.KD.ZG,4.23009485409366,4.18791441799631,5.52202820126872,-1.25551462572604,5.26628065286225,4.61425223766247,6.33482170116899,1.79253144466578,1.7105440042256,3.12755772382955,3.60540004794542
Liberia,LBR,GDP growth (annual %),NY.GDP.MKTP.KD.ZG,8.04390997190059,9.53527536282282,7.14569112811476,5.30054050291531,6.09982524004147,8.20076822497064,7.99381444555367,8.68728781639683,0.701393100287518,-0.0185649695590939,-1.5549586174878
Libya,LBY,GDP growth (annual %),NY.GDP.MKTP.KD.ZG,6.50052541959279,6.22998278561838,-0.162048238799883,-4.4001817631021,5.0272476723775,-50.3385151384986,86.8267484395784,-17.9979615745681,-23.0428058282215,-0.842656252118843,-1.4909411172622
Liechtenstein,LIE,GDP growth (annual %),NY.GDP.MKTP.KD.ZG,8.64496857267281,3.325963509369,1.79808847836411,-1.15748291975636,..,..,..,..,..,..,..
Lithuania,LTU,GDP growth (annual %),NY.GDP.MKTP.KD.ZG,7.41412133545715,11.1074801410501,2.61442303328732,-14.8386083735986,1.65124065328366,6.03900816040344,3.8438647490634,3.55007284270485,3.53700987901611,2.02458395469182,2.51882827307178
Luxembourg,LUX,GDP growth (annual %),NY.GDP.MKTP.KD.ZG,6.01671504402741,8.0986676066054,-0.30017619444267,-3.23895402683188,3.76041359255095,1.04429869455731,1.64990202978652,3.17179049916005,2.62308601577192,2.26978448419565,4.97819043681629
"Macao SAR, China",MAC,GDP growth (annual %),NY.GDP.MKTP.KD.ZG,13.3903902872314,14.4763891473606,3.39157983879505,1.27432088021384,25.1227596366315,21.6165288779235,9.24224592840059,10.7528539903738,-2.04838061245502,-21.5144052695858,-0.679060845076179
Madagascar,MDG,GDP growth (annual %),NY.GDP.MKTP.KD.ZG,5.39850845004474,5.71056419690301,6.71263254242815,-3.97870861280433,0.619239745847793,1.57842705122724,3.01114811507057,2.30037623213595,3.33920311305025,3.13229807263869,3.99314606412389
Malawi,MWI,GDP growth (annual %),NY.GDP.MKTP.KD.ZG,4.69999999288393,9.60000000520431,7.63973677473442,8.32811027524846,6.8740656329648,4.85405511117214,1.88579950751564,5.19999999560505,5.70000000505723,2.80000000006039,2.48404062592471
Malaysia,MYS,GDP growth (annual %),NY.GDP.MKTP.KD.ZG,5.5848470671515,6.29878592740947,4.83176988913097,-1.51352871598714,7.42484738326097,5.29391283414003,5.47345419253853,4.69372252557893,6.00672194558203,5.09153242155011,4.44978139761541
Maldives,MDV,GDP growth (annual %),NY.GDP.MKTP.KD.ZG,26.1114935010553,7.71386727084705,9.48533266057873,-7.22884146529458,7.26512906840138,8.56673353050461,2.51738394219683,7.28107397899866,7.32962620344684,2.8845485296051,6.33830063626779
Mali,MLI,GDP growth (annual %),NY.GDP.MKTP.KD.ZG,4.66218687758322,3.49361681253744,4.77314508142975,4.80632226697864,5.31393527895875,3.21313378044307,-0.83673463153076,2.29506828962617,7.08468388056527,6.17180002424978,5.85229919941415
Malta,MLT,GDP growth (annual %),NY.GDP.MKTP.KD.ZG,2.51049194733572,4.77534732485961,3.82559140088306,-1.13310598752768,5.5435693770699,0.466127625222981,4.11866098158396,5.4730579170764,7.63311933534743,9.60813122231481,3.3811157682035
Marshall Islands,MHL,GDP growth (annual %),NY.GDP.MKTP.KD.ZG,0.202496713843288,3.39201507666694,-7.64642412127914,3.67331570483044,5.42162382855895,-0.307239550027475,-1.29271160007363,3.67968413923134,-1.11992858234521,2.11110856914559,2.01609531943913
Mauritania,MRT,GDP growth (annual %),NY.GDP.MKTP.KD.ZG,18.3331987597713,-1.96942275160761,-0.331079195278377,0.0978758719728035,2.62022952055378,4.17278328304418,4.47001318233693,4.15081318627171,4.27482327130284,5.37633923694936,1.26090922448303
Mauritius,MUS,GDP growth (annual %),NY.GDP.MKTP.KD.ZG,4.8655445910714,5.72701615981669,5.38696254207251,3.31507699790781,4.37720322344293,4.07753806610333,3.49611836470866,3.36040609974133,3.82696982009337,3.69055690369433,3.8624682634
Mexico,MEX,GDP growth (annual %),NY.GDP.MKTP.KD.ZG,4.49507789421408,2.29144571429802,1.14358458719401,-5.28574413681751,5.11811814321163,3.66300792950094,3.64232267941347,1.35409196151679,2.84977325490688,3.29315152833387,2.63053242455089
"Micronesia, Fed. Sts.",FSM,GDP growth (annual %),NY.GDP.MKTP.KD.ZG,-0.0810552934164832,-1.83618529402398,-2.40849258666222,1.09309924105246,2.25938995585932,3.18857475473928,-1.86681975475544,-3.67976779073483,-2.30577574529325,4.62188400404939,0.900180416516932
Moldova,MDA,GDP growth (annual %),NY.GDP.MKTP.KD.ZG,4.79999985009476,3.00000023969456,7.80000014465953,-6.00000028938908,7.10000008379275,5.81816621889406,-0.589733963016442,9.04386557011993,4.99962592307755,-0.338235558655569,4.40888670873365
Monaco,MCO,GDP growth (annual %),NY.GDP.MKTP.KD.ZG,5.80393763599388,14.4288980284652,0.666835003324323,-11.2999994641996,2.09999905006846,7.00000002385623,1.01221796129491,9.57489074294796,7.18918701152205,4.8634732114333,3.45155104747225
Mongolia,MNG,GDP growth (annual %),NY.GDP.MKTP.KD.ZG,8.55623480959571,10.2480163584778,8.90036794671727,-1.26859894053509,6.36516168486143,17.2907775836263,12.3198198481932,11.6489161901725,7.88522548148912,2.3798358068594,1.48978448504865
Montenegro,MNE,GDP growth (annual %),NY.GDP.MKTP.KD.ZG,8.56641802964207,6.81015012526991,7.22275259212526,-5.79509699477244,2.73433108233829,3.22845102061061,-2.72379077130623,3.54897991245058,1.78369858106701,3.39038139712073,2.94928032097511
Morocco,MAR,GDP growth (annual %),NY.GDP.MKTP.KD.ZG,7.57463164458541,3.53159415154489,5.92327768597593,4.24375732083367,3.8157179167666,5.24569729729485,3.00996126221978,4.53542420003856,19.0472787978512,4.34458297635238,0.521185509206546
Mozambique,MOZ,GDP growth (annual %),NY.GDP.MKTP.KD.ZG,9.69437409174286,7.7297462424838,7.31775532393037,6.31819723248903,6.50235311519791,7.41738431559391,7.25843925258778,6.96360713487071,7.39851279713864,6.72327878035819,3.82421431921188
Myanmar,MMR,GDP growth (annual %),NY.GDP.MKTP.KD.ZG,13.30686930826,12.5004862939068,11.0742676521013,10.4098444030112,10.0692860939855,7.52005722724248,6.4857540044064,7.89866947823812,8.19966375042618,3.27727941700189,10.5077807807102
Namibia,NAM,GDP growth (annual %),NY.GDP.MKTP.KD.ZG,7.07317531845825,5.37404415167634,2.64981203780268,0.295970914001089,6.03924947955858,5.09133813864338,5.0616820696264,5.61471962294891,6.09251913915392,4.26417452873198,0.0337944884155377
Nauru,NRU,GDP growth (annual %),NY.GDP.MKTP.KD.ZG,9.375,-22.8571428571428,22.2222222222222,9.09090909090908,11.1111111111111,10,11.3636363636364,30.6122448979592,26.5625,3.7037037037037,3.57142857142858
Nepal,NPL,GDP growth (annual %),NY.GDP.MKTP.KD.ZG,3.36461478734068,3.41156027455769,6.1046391472948,4.53307872121162,4.81641465118577,3.42182823752086,4.67012214850206,3.52515317381925,6.01148284080777,3.97605327398196,0.43311371777699
Netherlands,NLD,GDP growth (annual %),NY.GDP.MKTP.KD.ZG,3.46098895411502,3.77284252073882,2.17032485133603,-3.66688393735825,1.34273933636553,1.55118931244651,-1.03035399148436,-0.130175288449919,1.42339539510084,1.95916972105708,2.19171371926123
New Caledonia,NCL,GDP growth (annual %),NY.GDP.MKTP.KD.ZG,..,..,..,..,..,..,..,..,..,..,..
New Zealand,NZL,GDP growth (annual %),NY.GDP.MKTP.KD.ZG,2.88106230252933,3.02816048935487,-1.11152307640903,-0.13517017562981,1.523877570677,2.25175863315354,2.24530293523672,2.69541661751269,3.81542760298834,3.74433219794898,3.76744771676979
Nicaragua,NIC,GDP growth (annual %),NY.GDP.MKTP.KD.ZG,4.15319956587842,5.07670170064878,3.43637382878192,-3.29278961915749,4.40964549908733,6.31747638326586,6.49525801449641,4.9275028612836,4.78581617044347,4.79205676554646,4.56351538805163
Niger,NER,GDP growth (annual %),NY.GDP.MKTP.KD.ZG,5.93104997350342,3.14272408386731,7.73141422777337,1.96260090694645,8.57816674262253,2.35775693603874,10.5489445763446,5.31513063394726,6.64213665495603,4.39264883207291,5.74089315058157
Nigeria,NGA,GDP growth (annual %),NY.GDP.MKTP.KD.ZG,6.05942803125548,6.59113036073542,6.764472777848,8.03692510189684,8.00565591528178,5.30792420366642,4.23006117510553,6.67133539288378,6.30971865572383,2.65269329541835,-1.61686894991816
North Macedonia,MKD,GDP growth (annual %),NY.GDP.MKTP.KD.ZG,5.13702516153505,6.47348685752347,5.47200139015595,-0.358614856979671,3.35875085773812,2.33988604520331,-0.456183223607937,2.92525766450484,3.62912351276373,3.85586514041738,2.84820519363306
Northern Mariana Islands,MNP,GDP growth (annual %),NY.GDP.MKTP.KD.ZG,-6.87146321746161,-6.68402777777779,-11.0697674418605,-17.5732217573222,1.3959390862944,-7.38423028785982,0.810810810810807,2.68096514745308,4.177545691906,3.38345864661653,29.2121212121212
Norway,NOR,GDP growth (annual %),NY.GDP.MKTP.KD.ZG,2.39982842629603,2.99428771442589,0.476345013071636,-1.72702030948713,0.701833823862358,0.981434478585356,2.70310947059309,1.03407291353631,1.9695443007939,1.96712843821408,1.07155897720727
Oman,OMN,GDP growth (annual %),NY.GDP.MKTP.KD.ZG,5.3718888740982,4.45268356538111,8.20007815759141,6.1123956079346,1.71398531148034,2.89460973541192,8.86312225557018,5.22770408145942,1.29225229411081,5.01705799719045,5.04642394571691
Pakistan,PAK,GDP growth (annual %),NY.GDP.MKTP.KD.ZG,5.89898444157643,4.83281727691724,1.70140546555248,2.83165851919782,1.60668862898785,2.74840591749019,3.50703341999964,4.39645663353076,4.67470798154832,4.73114747532071,5.52673584476604
Palau,PLW,GDP growth (annual %),NY.GDP.MKTP.KD.ZG,-0.405643640893601,2.02114170886298,-5.78191142133305,-6.59047260534193,0.21609349236023,6.68366753808544,1.67259734034882,-3.38730993605576,6.29386586529996,7.53906322541347,-0.0833732240018179
Panama,PAN,GDP growth (annual %),NY.GDP.MKTP.KD.ZG,8.65246561056669,11.9839853947871,9.85565485158463,1.24299231776419,5.82799349428571,11.3136259097046,9.77849007140338,6.90394805143926,5.06642235455794,5.7330542960121,4.95321142279059
Papua New Guinea,PNG,GDP growth (annual %),NY.GDP.MKTP.KD.ZG,5.40994409107307,7.81518922862388,-0.296457845880582,6.80042148322096,10.1284540720232,1.10754362619616,4.65711959686239,3.82494632800675,13.5437706216546,6.57835632304275,5.48957315278187
Paraguay,PRY,GDP growth (annual %),NY.GDP.MKTP.KD.ZG,4.80711719268376,5.42162287218235,6.4962921197091,-0.261137328080281,11.0952312685521,4.28637120702282,-0.708043112316886,8.29307648940471,5.30123859237025,2.95715173487106,4.26802583314583
Peru,PER,GDP growth (annual %),NY.GDP.MKTP.KD.ZG,7.5288990440594,8.5183877690955,9.1265683014642,1.0958236592427,8.33245910749577,6.32719240161117,6.13972470560435,5.85251821084928,2.38215737180541,3.25224477218451,3.95331871520767
Philippines,PHL,GDP growth (annual %),NY.GDP.MKTP.KD.ZG,5.31641682136939,6.51929155018938,4.34448730509183,1.44832306275669,7.33449996034538,3.85823282795663,6.89695171050985,6.75053130142255,6.34798748260867,6.34830971672761,7.14945675000752
Poland,POL,GDP growth (annual %),NY.GDP.MKTP.KD.ZG,6.13113645855509,7.06153463356746,4.19998126444942,2.83218405318897,2.93463818052832,5.04218788292943,1.54522157125609,0.85655708060645,3.83695849351797,4.38329863507276,2.95350884167718
Portugal,PRT,GDP growth (annual %),NY.GDP.MKTP.KD.ZG,1.62503417629674,2.50657964551773,0.319247925063081,-3.12207942033321,1.73762547590566,-1.69616478061504,-4.05729360769561,-0.922644674527888,0.792190301875365,1.79204604555983,2.01948539561312
Puerto Rico,PRI,GDP growth (annual %),NY.GDP.MKTP.KD.ZG,-1.40941402442895,-1.16280669029354,-1.8441342497794,-1.9524251417231,-0.413254118484915,-0.358510628287519,0.0292751104899338,-0.306826657099961,-1.19036345385329,-1.04944365110551,-1.26300292505279
Qatar,QAT,GDP growth (annual %),NY.GDP.MKTP.KD.ZG,26.1702456703032,17.9856568160263,17.6635563626089,11.9565611289086,19.5923315337859,13.3751764107929,4.73001184360784,5.55604064306607,5.33432329196459,4.75334572438737,3.06419188430156
Romania,ROU,GDP growth (annual %),NY.GDP.MKTP.KD.ZG,8.02881107599163,7.23380774362805,9.30746717077338,-5.51739440805439,-3.90123628018621,4.51708696433914,1.92499326240754,0.269963878633803,4.12067496319813,3.16050387041089,2.8575460568877
Russian Federation,RUS,GDP growth (annual %),NY.GDP.MKTP.KD.ZG,8.200068255056,8.49997776846357,5.19996926498843,-7.79999391343111,4.50000000003065,4.3000291857941,4.02408615720979,1.75542214909368,0.736267221415574,-1.97271922637542,0.193690071729534
Rwanda,RWA,GDP growth (annual %),NY.GDP.MKTP.KD.ZG,9.22704757865398,7.63331106131572,11.161243240151,6.24825992909668,7.33465610774428,7.95838571877225,8.64152062474403,4.71983686440238,6.16716772132257,8.8568613246897,5.97074429808526
Samoa,WSM,GDP growth (annual %),NY.GDP.MKTP.KD.ZG,2.13212714677351,0.485982550017255,3.55610467395,-0.541677601834593,6.1247199226125,3.84907794660396,-3.73213020890266,0.107293276488932,0.659923768782861,3.8503618166494,7.9838628784713
San Marino,SMR,GDP growth (annual %),NY.GDP.MKTP.KD.ZG,3.83008356545962,7.10932260228034,-0.500939261114581,-10.3209565764632,-5.47368421052632,-8.3147735708983,-7.04453441295546,-0.78397212543554,-0.702370500438988,2.29150556129265,2.34440586055426
Sao Tome and Principe,STP,GDP growth (annual %),NY.GDP.MKTP.KD.ZG,8.8661083233432,3.64147376565145,6.22878366984561,2.4262823610057,6.67198365652814,4.39820201461627,3.14197645952099,4.81479265412412,6.54993495501441,3.91133798862562,4.16476897372846
Saudi Arabia,SAU,GDP growth (annual %),NY.GDP.MKTP.KD.ZG,2.78840222774237,1.84713025161132,6.24977275479299,-2.05924918993833,5.03948402628657,9.99686516559248,5.41142278010331,2.69928107085529,3.65248566592824,4.10639386440421,1.67066425675586
Senegal,SEN,GDP growth (annual %),NY.GDP.MKTP.KD.ZG,2.33077098330239,2.82711920133374,3.70316906391386,2.75210448455053,3.39088925336209,1.33409107961258,4.00299555090457,2.41238527605579,6.22407443790986,6.36704365066983,6.36968441690343
Serbia,SRB,GDP growth (annual %),NY.GDP.MKTP.KD.ZG,5.10779014122984,6.43952555416212,5.6555766215919,-2.73175198917728,0.73104455254213,2.0362766886403,-0.68154236933475,2.89263673355808,-1.58951031990257,1.80605926509682,3.33858676542988
Seychelles,SYC,GDP growth (annual %),NY.GDP.MKTP.KD.ZG,9.40612738726611,10.421435950306,-2.14689222961046,-1.10524581747993,5.95496195022609,7.8872797884198,1.26082892595205,6.01807691445674,4.50478519065776,5.63731448763252,5.35307151343886
Sierra Leone,SLE,GDP growth (annual %),NY.GDP.MKTP.KD.ZG,4.22391427915383,8.05814515228806,5.39828520960739,3.18805121556103,5.34646605237532,6.31504503637646,15.1817690830225,20.7157682858728,4.55677236615293,-20.5987707154032,6.05547402877262
Singapore,SGP,GDP growth (annual %),NY.GDP.MKTP.KD.ZG,9.00676607871758,9.02151951268893,1.86348345462035,0.127953382778088,14.5197497108994,6.21493416858989,4.43549759378537,4.81763099120676,3.93554027709007,2.97679931634806,3.56169799036049
Sint Maarten (Dutch part),SXM,GDP growth (annual %),NY.GDP.MKTP.KD.ZG,..,..,..,..,3.19999402154461,4.60000299641928,1.39054666984961,1.30672788274767,1.5803846377317,0.400000000000006,0.500001936998331
Slovak Republic,SVK,GDP growth (annual %),NY.GDP.MKTP.KD.ZG,8.49317674533845,10.8320288129653,5.574886345113,-5.45553286715979,6.71663274983085,2.67145277909515,1.31880224556281,0.632740007294188,2.69718980707125,5.16718160614154,1.94395086102337
Slovenia,SVN,GDP growth (annual %),NY.GDP.MKTP.KD.ZG,5.746396900645,6.98016075450694,3.50984151699558,-7.54843779134178,1.34374847220215,0.861327732719303,-2.63943875676689,-1.02928277204056,2.76815883065036,2.21008160650594,3.19185251782498
Solomon Islands,SLB,GDP growth (annual %),NY.GDP.MKTP.KD.ZG,4.13828031825385,3.63967242948135,6.22596954376191,2.86426790167438,9.70838816928725,7.42994961675907,2.46600138697883,5.23774017780327,1.18921747092358,1.67614615649777,5.55473153366954
Somalia,SOM,GDP growth (annual %),NY.GDP.MKTP.KD.ZG,..,..,..,..,..,..,..,..,7.79420025278593,15.0499414743734,8.53229303977403
South Africa,ZAF,GDP growth (annual %),NY.GDP.MKTP.KD.ZG,5.60380645895889,5.36047405394162,3.1910438863288,-1.53808913525583,3.03973288127956,3.16855627858818,2.39623238465745,2.48546800826588,1.41382645223793,1.32186223678229,0.664552307858116
South Sudan,SSD,GDP growth (annual %),NY.GDP.MKTP.KD.ZG,..,..,..,5.04164187983342,5.49341639529945,-4.64031673600859,-46.0821223743007,13.1297311406943,3.37364847715736,-10.7933646271143,..
Spain,ESP,GDP growth (annual %),NY.GDP.MKTP.KD.ZG,4.10268574072705,3.60473846199818,0.887067045576416,-3.7631070424473,0.162919517758226,-0.814384776648922,-2.95892213230024,-1.40334186790638,1.39577536727975,3.83851887667484,3.03777414172446
Sri Lanka,LKA,GDP growth (annual %),NY.GDP.MKTP.KD.ZG,7.66829190107919,6.79682611892866,5.95008814473897,3.53891205317842,8.01596737040464,8.66948301160571,8.6321813769906,4.0517463303875,6.37797889684965,4.20595547501601,5.05362488993089
St. Kitts and Nevis,KNA,GDP growth (annual %),NY.GDP.MKTP.KD.ZG,3.15038119968223,0.600602326543751,11.1785279683724,-3.37930611341334,0.0436957801502444,1.61673944432464,-0.516911498785433,5.7056005167787,7.57736270695537,0.71308336878711,3.93046384983424
St. Lucia,LCA,GDP growth (annual %),NY.GDP.MKTP.KD.ZG,6.19525729141048,1.69161857433913,4.94932194028057,-2.82889954830628,1.60386238499591,5.48341133345708,-0.199851740436472,-3.17437760445316,1.41615718608566,-1.36203719557199,3.75302147842702
St. Martin (French part),MAF,GDP growth (annual %),NY.GDP.MKTP.KD.ZG,..,..,..,..,..,..,..,..,..,..,..
St. Vincent and the Grenadines,VCT,GDP growth (annual %),NY.GDP.MKTP.KD.ZG,6.99692626758825,3.3229685982929,0.404640808638888,-1.3781936056056,-4.47046793507802,-0.60627665148327,1.16911218376478,2.4624841721544,1.14575569517534,2.78522396286489,4.14956506335817
Sudan,SDN,GDP growth (annual %),NY.GDP.MKTP.KD.ZG,6.5314117467792,5.73527423664484,3.84674473121058,-2.76770436599138,3.85824195230107,-3.21353209253371,-17.0046884048945,1.95514463302422,4.66137954229873,1.91017689052751,3.46764218409288
Suriname,SUR,GDP growth (annual %),NY.GDP.MKTP.KD.ZG,5.79354358463304,5.11148777773458,4.14340681165626,3.01369898266211,5.16882515225814,5.84936767173009,2.69034974668847,2.9334416518612,0.255503031645475,-3.41109601307089,-4.91578646874108
Sweden,SWE,GDP growth (annual %),NY.GDP.MKTP.KD.ZG,4.66277355175126,3.43922177600065,-0.450559256743361,-4.33979057452935,5.95210700755608,3.1953332348894,-0.588304568990736,1.187775715906,2.65779827531642,4.48928158790491,2.07059315052096
Switzerland,CHE,GDP growth (annual %),NY.GDP.MKTP.KD.ZG,4.07362844994275,3.9163758177818,2.80798363168692,-2.29737463071545,3.24339733550173,1.81310819203695,1.17925383325108,1.79214405707484,2.34988127508626,1.64462768699285,2.0686896670996
Syrian Arab Republic,SYR,GDP growth (annual %),NY.GDP.MKTP.KD.ZG,5.04619555585526,5.67459177685805,4.47667273608019,5.91204279337705,5.19190584075331,2.8500028435797,-26.3390170772532,-26.3000876615061,-10.310339909053,-4.179791613232,-6.4055907393619
Tajikistan,TJK,GDP growth (annual %),NY.GDP.MKTP.KD.ZG,7.00000321108996,7.80000011872161,7.89999827154939,3.90000114826496,6.49999908585235,7.40000059956709,7.49999946321525,7.39999974700379,6.70000069016253,6.01930331771186,6.89926020641154
Tanzania,TZA,GDP growth (annual %),NY.GDP.MKTP.KD.ZG,6.5322213903017,6.76853520180663,5.68641685976419,5.26910524791853,6.33652342747494,7.67215543499384,4.50015355982126,6.78158560065316,6.73246186832483,6.16062877406682,6.86711619644551
Thailand,THA,GDP growth (annual %),NY.GDP.MKTP.KD.ZG,4.96781089246107,5.43515169050809,1.72569884866334,-0.690618232300579,7.51339053261624,0.840132083053334,7.24279620249642,2.68749556320556,0.984468863619426,3.13404724911635,3.43515771692182
Timor-Leste,TLS,GDP growth (annual %),NY.GDP.MKTP.KD.ZG,-4.11940597635092,10.2624199348355,11.3905437356101,10.1443097188583,9.32942405650505,5.95605378791441,4.85859792221966,3.10288056964461,4.47196212284291,2.76322177326753,3.38297735269728
Togo,TGO,GDP growth (annual %),NY.GDP.MKTP.KD.ZG,2.65013209953145,-1.17512039095251,4.06225282721692,5.53791097300417,6.09925916267453,6.39819905306554,6.54350702926607,6.11234307664826,5.92058857323032,5.74286845286585,5.55907930535146
Tonga,TON,GDP growth (annual %),NY.GDP.MKTP.KD.ZG,-0.148635322896695,0.271095291096827,4.75016965581759,-5.19910903711188,0.803490182523831,6.81827614447295,0.823102717964815,0.312307909294702,2.01870046039205,1.17188825589601,6.57100050107448
Trinidad and Tobago,TTO,GDP growth (annual %),NY.GDP.MKTP.KD.ZG,13.2080586051735,4.75420970092722,3.39173707807387,-4.3917292474614,3.32322471027371,-0.294354409043763,6.61011972829029,3.84380132341975,3.32294440818725,-0.755621962393988,-6.76443919080883
Tunisia,TUN,GDP growth (annual %),NY.GDP.MKTP.KD.ZG,5.24409983246916,6.70952097453554,4.23778147502819,3.04345012371552,2.97113275066512,-2.04663389535644,4.21667711535632,2.42993096446429,3.09032803070775,0.967496905252105,1.1180151889713
Turkiye,TUR,GDP growth (annual %),NY.GDP.MKTP.KD.ZG,6.94798808571993,5.04350793157104,0.815024573007705,-4.82315395301769,8.42710432276191,11.2001105833504,4.78849271108008,8.48581699653026,4.9397151613658,6.08448690443663,3.32308420845746
Turkmenistan,TKM,GDP growth (annual %),NY.GDP.MKTP.KD.ZG,10.9733083254017,11.05929947045,14.7,6.10000011485643,9.19999998805483,14.6999999278723,11.0999999615545,10.200000101399,10.2999999705459,6.49999990951666,6.1999999664301
Turks and Caicos Islands,TCA,GDP growth (annual %),NY.GDP.MKTP.KD.ZG,..,..,..,..,..,..,-0.97229935533214,1.07087701348118,8.71129658152685,11.3148341336331,7.25118054973062
Tuvalu,TUV,GDP growth (annual %),NY.GDP.MKTP.KD.ZG,2.4390243902439,7.14285714285714,6.66666666666667,-6.25,-2.22222222222223,6.81818181818181,-2.12765957446808,4.34782608695652,0,10.4166666666667,5.66037735849056
Uganda,UGA,GDP growth (annual %),NY.GDP.MKTP.KD.ZG,10.7847443862972,8.41242596545275,8.70875190133074,6.80151734798953,5.63761163805265,9.39165549281067,3.83745560591568,3.58690582633201,5.10630732438464,5.18785986246098,4.78100029146333
Ukraine,UKR,GDP growth (annual %),NY.GDP.MKTP.KD.ZG,7.57142076322967,8.21584445165715,2.24349159628288,-15.1364679101502,4.09200436668087,5.44528081048476,0.152314967200653,0.045439094492707,-10.0788949840953,-9.7729872128676,2.44098194492067
United Arab Emirates,ARE,GDP growth (annual %),NY.GDP.MKTP.KD.ZG,9.83731977348489,3.1843901736724,3.19183627610384,-5.2429219066759,1.60285004831249,6.92850859456968,4.77662573667088,5.05555965425988,4.16569184256178,6.78677287945216,5.56149075496799
United Kingdom,GBR,GDP growth (annual %),NY.GDP.MKTP.KD.ZG,2.16040532059112,2.56346046050109,-0.154344314706506,-4.51048560011785,2.43007289502704,1.06761091403658,1.44845675688505,1.81986337468368,3.19970262614801,2.393103183986,2.16520621052183
United States,USA,GDP growth (annual %),NY.GDP.MKTP.KD.ZG,2.78281062584327,2.01050755163328,0.122188442974647,-2.59988835108558,2.70885669419681,1.54989495017045,2.28068760319185,1.84187539518688,2.28777593255359,2.70636958176399,1.66747207596187
Uruguay,URY,GDP growth (annual %),NY.GDP.MKTP.KD.ZG,4.09857736415702,6.54151084168984,7.17614466787178,4.2434941753021,7.80340966564692,5.16213302935691,3.5381787065877,4.6375386412851,3.23879121744656,0.370741265001499,1.68979816429228
Uzbekistan,UZB,GDP growth (annual %),NY.GDP.MKTP.KD.ZG,7.45141847578361,9.47300530488471,9.02916101721996,8.05093332828261,7.59716796085495,7.52513989422977,7.10244488706317,7.29655036969899,6.8738384408164,7.21877350820803,5.93215079993293
Vanuatu,VUT,GDP growth (annual %),NY.GDP.MKTP.KD.ZG,8.46069747205426,2.8758922877538,5.60099182147214,3.03730354099602,1.25886720329326,3.13980290023412,1.01004768692042,0.463390415135095,3.13686729438693,0.366522075389213,4.68875636558563
"Venezuela, RB",VEN,GDP growth (annual %),NY.GDP.MKTP.KD.ZG,9.87214910851037,8.7535788078585,5.27785412398782,-3.20230265749002,-1.48879125078348,4.17642535923927,5.62595697508641,1.34309403607476,-3.89438647450662,..,..
Vietnam,VNM,GDP growth (annual %),NY.GDP.MKTP.KD.ZG,6.97795481183401,7.12950448396441,5.66177120802303,5.39789754276939,6.42323821717319,6.41317768937854,5.50454561980331,5.5535002447951,6.42224665601026,6.98716672377549,6.69000921330894
Virgin Islands (U.S.),VIR,GDP growth (annual %),NY.GDP.MKTP.KD.ZG,3.50499314666143,4.01059402194477,1.21862495452891,-6.59478885893981,0.596383224317051,-8.20424555364315,-14.8125,-6.28515529469308,-1.77453027139875,-0.425079702444208,1.6008537886873
West Bank and Gaza,PSE,GDP growth (annual %),NY.GDP.MKTP.KD.ZG,-0.996556103477076,3.78828152085981,7.42918225547835,8.59349087893864,5.77736205629419,9.60080848913594,6.09645656326154,4.69856986552234,-0.157866650855297,3.72129967114788,8.86461881995935
"Yemen, Rep.",YEM,GDP growth (annual %),NY.GDP.MKTP.KD.ZG,3.17040935922364,3.33842795605096,3.64756947012633,3.86622951587742,7.70230703961865,-12.7148968954117,2.3929902093532,4.82351906650533,-0.188690232450909,-27.9945462536875,-9.37512381761694
Zambia,ZMB,GDP growth (annual %),NY.GDP.MKTP.KD.ZG,7.90369444480079,8.35243624447406,7.77389581542363,9.2203484058663,10.2982233241213,5.56460233670752,7.59759321053191,5.05723173979734,4.69799236252986,2.92037511217961,3.77667914626731
Zimbabwe,ZWE,GDP growth (annual %),NY.GDP.MKTP.KD.ZG,-3.46149518781378,-3.65332683535506,-17.6689463301054,12.0195599748423,21.4520609184971,14.6202072551987,15.7448770803376,3.1967308868621,1.48454262162193,2.02364999592871,0.900955396308504
Africa Eastern and Southern,AFE,GDP growth (annual %),NY.GDP.MKTP.KD.ZG,6.56131823677543,6.56877678509855,4.30248193382188,0.645423329221998,5.19713733939426,3.70019048397752,0.770097316747751,4.22940819721221,4.03908219250131,2.89572832317184,2.48595245002608
Africa Western and Central,AFW,GDP growth (annual %),NY.GDP.MKTP.KD.ZG,5.37976547612749,5.53913084124633,6.2830286583321,6.28838134284739,6.96542660958637,4.85204840851215,5.1355837221919,6.1087579516246,5.93044966738303,2.74513738741805,0.113686988857182
Arab World,ARB,GDP growth (annual %),NY.GDP.MKTP.KD.ZG,6.08734030388736,4.57057386818454,5.55553311197971,0.388333540924847,4.74781067340899,3.24751365804006,5.1478332644664,2.58579735827979,2.93553926870702,3.29406818119725,3.51825229452646
Caribbean small states,CSS,GDP growth (annual %),NY.GDP.MKTP.KD.ZG,6.77259345793688,3.35579100014311,1.19259179903564,-3.53829962169236,1.31623898372526,1.08313695961637,3.18305377742377,1.41952809011269,2.13903725473594,0.230420845717234,-1.88457394792084
Central Europe and the Baltics,CEB,GDP growth (annual %),NY.GDP.MKTP.KD.ZG,6.58610806219575,6.43014360271397,3.93584409263433,-3.50328604098794,1.43727701689724,3.5154588574907,0.826293465732448,0.663807758808758,3.21502365997956,4.02736719964867,2.74968075995933
Early-demographic dividend,EAR,GDP growth (annual %),NY.GDP.MKTP.KD.ZG,5.97957902366106,5.77579430025553,3.49390351988804,0.814536331179269,6.54527732906993,4.90851326490559,4.23155287457713,4.13807517331115,4.16732900860526,4.46851292089005,4.50032922873625
East Asia & Pacific,EAS,GDP growth (annual %),NY.GDP.MKTP.KD.ZG,6.45317688254032,7.46728778706074,4.38605522630111,2.55996353542021,7.60930266076711,5.465000608401,5.17944525559686,5.24212178111461,4.75850893773391,4.71563211048149,4.66967864196437
East Asia & Pacific (excluding high income),EAP,GDP growth (annual %),NY.GDP.MKTP.KD.ZG,11.0775295375813,12.4872736741316,8.61843243992431,7.98370463338134,9.92238617497294,8.650480515881,7.57510481707,7.29580067122708,6.98464844188817,6.68890240345459,6.58588570447753
East Asia & Pacific (IDA & IBRD countries),TEA,GDP growth (annual %),NY.GDP.MKTP.KD.ZG,11.079497381142,12.4882714431713,8.61963352615305,7.98481865193885,9.92317098152181,8.65112598184135,7.5759321509328,7.29650166075034,6.98504622869021,6.68906753416729,6.58628401996759
Euro area,EMU,GDP growth (annual %),NY.GDP.MKTP.KD.ZG,3.23085542936927,3.00164687320358,0.416671742833302,-4.5211394569593,2.18067877756826,1.71422894114306,-0.841832474822965,-0.219682323362605,1.40260543481234,2.0495684690151,1.86402426992913
Europe & Central Asia,ECS,GDP growth (annual %),NY.GDP.MKTP.KD.ZG,3.83036192045667,3.64505577048205,1.0266198240615,-4.43940754784305,2.68511623219953,2.32875439102568,0.351186296180046,0.849616032453611,1.92351841106309,2.08236005630901,1.93595817989325
Europe & Central Asia (excluding high income),ECA,GDP growth (annual %),NY.GDP.MKTP.KD.ZG,8.18580411581979,7.80343152315766,4.23313553772063,-5.72781331912995,5.64108666388363,6.28635769935563,3.97544645071839,4.04643943589957,2.05002634751918,0.905341751812756,1.57611978681859
Europe & Central Asia (IDA & IBRD countries),TEC,GDP growth (annual %),NY.GDP.MKTP.KD.ZG,7.85012336215516,7.62686474953141,4.45642404229008,-4.67153745124234,4.63375975975882,5.92748678501998,3.45601180483558,3.38458326652933,2.33853121931371,1.48115856384359,1.84765394881813
European Union,EUU,GDP growth (annual %),NY.GDP.MKTP.KD.ZG,3.49371539074832,3.1558705845391,0.640724744661568,-4.3485093084027,2.22520590101077,1.89360090393956,-0.699883405805537,-0.0838216563847283,1.59757425719076,2.30705701046281,1.97712598632877
Fragile and conflict affected situations,FCS,GDP growth (annual %),NY.GDP.MKTP.KD.ZG,5.86008897292558,6.0104889229296,5.03558531724249,2.88247204547083,6.94529223768738,0.00397074934666364,4.8276295555101,3.48108243920851,2.18488698929636,0.865936956572156,2.57085370649412
Heavily indebted poor countries (HIPC),HPC,GDP growth (annual %),NY.GDP.MKTP.KD.ZG,5.91358016155468,5.48249928982116,5.49638552018679,3.22998633894123,5.93483058571253,3.91284208320957,2.51562249524405,5.55961070799194,5.82857274186269,4.53541353622975,4.49855663382166
High income,HIC,GDP growth (annual %),NY.GDP.MKTP.KD.ZG,3.07252274363594,2.70128012685798,0.54823307091813,-3.24977138445192,3.02441560893402,1.92901028543413,1.41089466034978,1.49497600335444,2.09163548508154,2.36506847052118,1.83113621209488
IBRD only,IBD,GDP growth (annual %),NY.GDP.MKTP.KD.ZG,8.28555742633948,9.00668362996359,5.93968887491326,2.88418055770796,7.8308834402204,6.40147577592359,5.46675948485853,5.25529241944666,4.8746043857391,4.43933631071471,4.59489207534551
IDA & IBRD total,IBT,GDP growth (annual %),NY.GDP.MKTP.KD.ZG,8.10176678147808,8.76241610020773,5.86686993560019,3.04241833467994,7.70218379653447,6.21535387364864,5.27063712971842,5.25360560145016,4.93013954058816,4.34929730081282,4.49724241882376
IDA blend,IDB,GDP growth (annual %),NY.GDP.MKTP.KD.ZG,5.8025626597032,5.78877877790003,4.12482742977858,5.9149881043538,6.15169702612985,4.70263104489949,4.55569452950746,5.56866110837278,5.82828888020408,3.81658343067299,1.67012006020452
IDA only,IDX,GDP growth (annual %),NY.GDP.MKTP.KD.ZG,6.34236655253333,6.2447199334069,5.82955941228877,3.94795041282472,6.35449315555587,3.58223479349374,1.6263869354229,4.93345626391405,5.37598209631646,2.81152327002592,4.8455797880315
IDA total,IDA,GDP growth (annual %),NY.GDP.MKTP.KD.ZG,6.08777038746049,6.03025538818216,5.02951772773055,4.84858498815308,6.26069583257652,4.09990922464493,2.98939826755038,5.2335130555557,5.58962198373898,3.28732042013935,3.32608504428357
Late-demographic dividend,LTE,GDP growth (annual %),NY.GDP.MKTP.KD.ZG,9.28261136182638,10.2237606915067,6.92423544952274,3.70615884698996,8.02414878653683,7.19261919742431,5.87995253458323,5.61384717976591,5.3123196987072,4.6998876976063,4.47735637326734
Latin America & Caribbean,LCN,GDP growth (annual %),NY.GDP.MKTP.KD.ZG,5.05921330051136,5.28842304603501,3.72917956269178,-1.99176162229884,6.42738402199458,4.44873225699634,2.57063324470448,2.85444719223247,1.38736873501415,0.523919551639068,-0.162506120482277
Latin America & Caribbean (excluding high income),LAC,GDP growth (annual %),NY.GDP.MKTP.KD.ZG,5.17590179572474,5.45977111892589,3.84128630345279,-2.07935275194592,6.71702240614582,4.48581996412511,2.38091615556803,2.87133058491244,1.3560118117398,0.417201871893141,-0.292896399139238
Latin America & the Caribbean (IDA & IBRD countries),TLA,GDP growth (annual %),NY.GDP.MKTP.KD.ZG,5.16519737351018,5.47021769794382,3.91036790859984,-2.02542012960372,6.73381205917065,4.63262418617154,2.64827155162722,2.95751428452449,1.4528795203951,0.482684763237344,-0.159344595741899
Least developed countries: UN classification,LDC,GDP growth (annual %),NY.GDP.MKTP.KD.ZG,6.8769404329183,7.234538871471,6.33765712687642,3.91216950954751,6.21434389785691,2.9995634548345,2.09409972106683,5.61791456310212,5.62703005148877,2.38490206696231,4.29563510287201
Low & middle income,LMY,GDP growth (annual %),NY.GDP.MKTP.KD.ZG,8.19021447835853,8.86037672102464,5.89283718979516,3.20785407731066,7.92977647249889,6.25701391220358,5.36389297247428,5.39410612148772,4.98522353512969,4.39157239714578,4.56763307005727
Low income,LIC,GDP growth (annual %),NY.GDP.MKTP.KD.ZG,5.7524624784884,6.0815055607459,4.67793708931308,3.60224259646722,6.64562684467485,3.31402880029259,-1.72725161461865,5.16241635409767,5.67720462141649,4.03272139066873,4.46430090416696
Lower middle income,LMC,GDP growth (annual %),NY.GDP.MKTP.KD.ZG,6.43463319868457,6.87291306877414,4.2343264565615,4.65211899026785,6.61016690376093,4.7821774467407,4.47090756562214,4.99222556324864,5.82072630227424,4.99991513923257,5.69350575713045
Middle East & North Africa,MEA,GDP growth (annual %),NY.GDP.MKTP.KD.ZG,5.82442518484545,5.21850491929857,4.58950248949535,0.6397973486078,5.02883119157542,3.59495728870576,4.32583732391126,2.21542262299018,3.25955900678565,2.61987399741994,4.29470121663252
Middle East & North Africa (excluding high income),MNA,GDP growth (annual %),NY.GDP.MKTP.KD.ZG,5.13615575341416,6.12472962606762,3.71748669251963,2.6313909832127,5.27572246156724,-1.08730355843622,3.68584905070482,0.435276808312437,2.79434406759036,0.740786052916008,5.34300203892124
Middle East & North Africa (IDA & IBRD countries),TMN,GDP growth (annual %),NY.GDP.MKTP.KD.ZG,5.18631423682005,6.14271581042276,3.68954753060049,2.58489370132884,5.27158112518926,-1.17596428444415,3.66367178686022,0.395134629933608,2.82328856831377,0.712411293828794,5.30847430128472
Middle income,MIC,GDP growth (annual %),NY.GDP.MKTP.KD.ZG,8.23842340244832,8.91714186634316,5.90286607435296,3.20033671493634,7.9545512750998,6.37884122975989,5.55604523665716,5.43129350992375,4.99442991402236,4.47798674029343,4.59564789405459
North America,NAC,GDP growth (annual %),NY.GDP.MKTP.KD.ZG,2.77246623743359,2.0157198920672,0.190320069995281,-2.62711813384124,2.73636876175745,1.67327993496914,2.2362651263191,1.87979174707147,2.3320529523194,2.5415102338918,1.61424653991324
Not classified,INX,GDP growth (annual %),NY.GDP.MKTP.KD.ZG,..,..,..,..,..,..,..,..,..,..,..
OECD members,OED,GDP growth (annual %),NY.GDP.MKTP.KD.ZG,3.00061569139145,2.60079071996257,0.396723940370464,-3.37000004207252,2.98561972872029,1.86792437052578,1.38640660348986,1.51828591141924,2.09243056714608,2.43422844351664,1.82765308183275
Other small states,OSS,GDP growth (annual %),NY.GDP.MKTP.KD.ZG,10.8434465155947,9.85300449606983,7.31395723024318,1.58211008516489,8.72012739103751,7.5565359093799,3.39742660547712,3.69382846984708,3.85373014883604,3.13451894695172,2.98411562373219
Pacific island small states,PSS,GDP growth (annual %),NY.GDP.MKTP.KD.ZG,2.33639344900216,0.314025821479774,1.94206434667419,-0.477688025374704,3.78995735570722,3.84027769634747,0.902918908463704,3.30589609868235,3.68980976867932,3.6727238589594,3.60662072783524
Post-demographic dividend,PST,GDP growth (annual %),NY.GDP.MKTP.KD.ZG,2.9036651656867,2.54134964016627,0.364084285786717,-3.39219796827793,2.92675319307276,1.65440174752123,1.24930214734206,1.39945463063,1.91477992507647,2.13734339710456,1.74810249955048
Pre-demographic dividend,PRE,GDP growth (annual %),NY.GDP.MKTP.KD.ZG,6.22766386531974,6.03353999847762,6.27031259175652,4.62967932149215,6.49802120103456,4.0189975547837,3.48088648116476,5.81660533264518,5.11788091595645,3.15333723186286,2.60100582643157
Small states,SST,GDP growth (annual %),NY.GDP.MKTP.KD.ZG,9.68439743171687,8.16415828284075,5.88075616800725,0.488197209251169,7.15804651016244,6.27541133324314,3.3089999253632,3.28427075173596,3.55443840262973,2.6505446022052,2.18689512942203
South Asia,SAS,GDP growth (annual %),NY.GDP.MKTP.KD.ZG,7.62592461417699,7.23302973049607,3.26410227020889,6.92824887187915,7.46877365882612,5.1102441269135,5.46797846360599,6.03378546338587,6.93862119201201,7.33607191967745,7.68224058233382
South Asia (IDA & IBRD),TSA,GDP growth (annual %),NY.GDP.MKTP.KD.ZG,7.62592461417699,7.23302973049607,3.26410227020889,6.92824887187915,7.46877365882612,5.1102441269135,5.46797846360599,6.03378546338587,6.93862119201201,7.33607191967745,7.6822405823338
Sub-Saharan Africa,SSF,GDP growth (annual %),NY.GDP.MKTP.KD.ZG,6.06152748667854,6.13604145094182,5.13017661662501,2.99178197032805,5.95593172427753,4.1991759131881,2.6760406613171,5.06957511181972,4.89063742382766,2.82725524874252,1.40043953655589
Sub-Saharan Africa (excluding high income),SSA,GDP growth (annual %),NY.GDP.MKTP.KD.ZG,6.05870356680678,6.13230899803851,5.13677087242553,2.99518259247562,5.95593249716515,4.19623660598344,2.67721031632875,5.06880200065871,4.89095389535782,2.82495895603819,1.39709745344267
Sub-Saharan Africa (IDA & IBRD countries),TSS,GDP growth (annual %),NY.GDP.MKTP.KD.ZG,6.06152748667851,6.13604145094185,5.13017661662502,2.99178197032801,5.95593172427758,4.19917591318813,2.67604066131707,5.06957511181973,4.89063742382766,2.8272552487425,1.40043953655591
Upper middle income,UMC,GDP growth (annual %),NY.GDP.MKTP.KD.ZG,8.89566814853337,9.64516128749455,6.48206555332354,2.70718531766043,8.41986882425567,6.92225319524536,5.91797131756292,5.57573517514342,4.72400611516302,4.30538527684379,4.23016935622739
World,WLD,GDP growth (annual %),NY.GDP.MKTP.KD.ZG,4.4204254001091,4.38190077115013,2.06917577064543,-1.34144814525817,4.54083828749657,3.3103236837364,2.70840268008783,2.80789213240399,3.09064756050992,3.07757753659541,2.80525799614679
,,,,,,,,,,,,,,
,,,,,,,,,,,,,,
,,,,,,,,,,,,,,
Data from database: World Development Indicators,,,,,,,,,,,,,,
Last Updated: 05/10/2023,,,,,,,,,,,,,,
Code,License Type,Indicator Name,Long definition,Source,Topic,Periodicity,Aggregation method,Statistical concept and methodology,Development relevance,Limitations and exceptions,License URL
NY.GDP.MKTP.KD.ZG,CC BY-4.0,GDP growth (annual %),"Annual percentage growth rate of GDP at market prices based on constant local currency. Aggregates are based on constant 2015 prices, expressed in U.S. dollars. GDP is the sum of gross value added by all resident producers in the economy plus any product taxes and minus any subsidies not included in the value of the products. It is calculated without making deductions for depreciation of fabricated assets or for depletion and degradation of natural resources.","World Bank national accounts data, and OECD National Accounts data files.",Economic Policy & Debt: National accounts: Growth rates,Annual,Weighted average,"Gross domestic product (GDP) represents the sum of value added by all its producers. Value added is the value of the gross output of producers less the value of intermediate goods and services consumed in production, before accounting for consumption of fixed capital in production. The United Nations System of National Accounts calls for value added to be valued at either basic prices (excluding net taxes on products) or producer prices (including net taxes on products paid by producers but excluding sales or value added taxes). Both valuations exclude transport charges that are invoiced separately by producers. Total GDP is measured at purchaser prices. Value added by industry is normally measured at basic prices. When value added is measured at producer prices.

Growth rates of GDP and its components are calculated using the least squares method and constant price data in the local currency. Constant price in U.S. dollar series are used to calculate regional and income group growth rates. Local currency series are converted to constant U.S. dollars using an exchange rate in the common reference year.","An economy's growth is measured by the change in the volume of its output or in the real incomes of its residents. The 2008 United Nations System of National Accounts (2008 SNA) offers three plausible indicators for calculating growth: the volume of gross domestic product (GDP), real gross domestic income, and real gross national income. The volume of GDP is the sum of value added, measured at constant prices, by households, government, and industries operating in the economy. GDP accounts for all domestic production, regardless of whether the income accrues to domestic or foreign institutions.","Each industry's contribution to growth in the economy's output is measured by growth in the industry's value added. In principle, value added in constant prices can be estimated by measuring the quantity of goods and services produced in a period, valuing them at an agreed set of base year prices, and subtracting the cost of intermediate inputs, also in constant prices. This double-deflation method requires detailed information on the structure of prices of inputs and outputs.

In many industries, however, value added is extrapolated from the base year using single volume indexes of outputs or, less commonly, inputs. Particularly in the services industries, including most of government, value added in constant prices is often imputed from labor inputs, such as real wages or number of employees. In the absence of well defined measures of output, measuring the growth of services remains difficult.

Moreover, technical progress can lead to improvements in production processes and in the quality of goods and services that, if not properly accounted for, can distort measures of value added and thus of growth. When inputs are used to estimate output, as for nonmarket services, unmeasured technical progress leads to underestimates of the volume of output. Similarly, unmeasured improvements in quality lead to underestimates of the value of output and value added. The result can be underestimates of growth and productivity improvement and overestimates of inflation.

Informal economic activities pose a particular measurement problem, especially in developing countries, where much economic activity is unrecorded. A complete picture of the economy requires estimating household outputs produced for home use, sales in informal markets, barter exchanges, and illicit or deliberately unreported activities. The consistency and completeness of such estimates depend on the skill and methods of the compiling statisticians.

Rebasing of national accounts can alter the measured growth rate of an economy and lead to breaks in series that affect the consistency of data over time. When countries rebase their national accounts, they update the weights assigned to various components to better reflect current patterns of production or uses of output. The new base year should represent normal operation of the economy - it should be a year without major shocks or distortions. Some developing countries have not rebased their national accounts for many years. Using an old base year can be misleading because implicit price and volume weights become progressively less relevant and useful.

To obtain comparable series of constant price data for computing aggregates, the World Bank rescales GDP and value added by industrial origin to a common reference year. Because rescaling changes the implicit weights used in forming regional and income group aggregates, aggregate growth rates are not comparable with those from earlier editions with different base years. Rescaling may result in a discrepancy between the rescaled GDP and the sum of the rescaled components. To avoid distortions in the growth rates, the discrepancy is left unallocated. As a result, the weighted average of the growth rates of the components generally does not equal the GDP growth rate.",https://datacatalog.worldbank.org/public-licenses#cc-by
